{
 "mel_shape": [
  64,
  52
 ],
 "mel_sum": 817.7936401367188,
 "mel_first": [
  0.6028915643692017,
  0.7120028734207153,
  0.7581461668014526,
  0.7429959177970886,
  0.7391770482063293,
  0.7838937044143677,
  0.7755040526390076,
  0.7285887002944946
 ],
 "genome": [
  0.27407169342041016,
  0.543012261390686,
  0.5620120763778687,
  0.46976518630981445,
  0.533354640007019,
  0.13416540622711182,
  0.05454784631729126,
  0.21059484779834747,
  0.06215788796544075,
  0.02986362762749195,
  0.4216790497303009,
  0.4905548691749573,
  0.6416627764701843,
  0.612983226776123,
  0.11156794428825378,
  0.6659071445465088,
  0.24862277507781982,
  0.22200483083724976,
  0.4362003803253174,
  0.19976922869682312
 ],
 "render_genome": [
  0.4000000059604645,
  0.6000000238418579,
  0.550000011920929,
  0.30000001192092896,
  0.699999988079071,
  0.0,
  0.30000001192092896,
  0.5,
  0.20000000298023224,
  0.4000000059604645,
  0.10000000149011612,
  0.4000000059604645,
  0.0,
  0.4000000059604645,
  0.699999988079071,
  0.20000000298023224
 ],
 "render_rms": 0.46108707785606384,
 "render_mid": [
  -0.526118278503418,
  -0.41521307826042175,
  0.18412485718727112,
  0.5936840772628784,
  0.7023370265960693,
  0.6519312858581543,
  0.5738030672073364,
  0.513129472732544,
  0.49358052015304565,
  0.5142388343811035,
  0.5295475721359253,
  0.5304836630821228,
  0.5187360048294067,
  0.4934215843677521,
  0.47474679350852966,
  0.46588134765625
 ]
}