{
 "mel_shape": [
  64,
  52
 ],
 "mel_sum": 817.7936401367188,
 "mel_first": [
  0.6028915643692017,
  0.7120028734207153,
  0.7581461668014526,
  0.7429959177970886,
  0.7391770482063293,
  0.7838937044143677,
  0.7755040526390076,
  0.7285887002944946
 ],
 "genome": [
  0.3090522587299347,
  0.4754476547241211,
  0.49167945981025696,
  0.1369970589876175,
  0.8805296421051025,
  0.024528145790100098,
  0.5121864080429077,
  0.28220081329345703,
  0.11767628788948059,
  0.14032211899757385,
  0.5610730648040771,
  0.48592326045036316,
  0.418416827917099,
  0.48675212264060974,
  0.12917302548885345,
  0.9078075885772705
 ],
 "render_genome": [
  0.4000000059604645,
  0.6000000238418579,
  0.550000011920929,
  0.30000001192092896,
  0.699999988079071,
  0.0,
  0.30000001192092896,
  0.5,
  0.20000000298023224,
  0.4000000059604645,
  0.10000000149011612,
  0.4000000059604645,
  0.0,
  0.4000000059604645,
  0.699999988079071,
  0.20000000298023224
 ],
 "render_rms": 0.461087167263031,
 "render_mid": [
  -0.5261139869689941,
  -0.4152061641216278,
  0.18412922322750092,
  0.5936867594718933,
  0.7023366689682007,
  0.6519312858581543,
  0.5738030672073364,
  0.513127326965332,
  0.49358004331588745,
  0.5142388343811035,
  0.5295475721359253,
  0.5304836630821228,
  0.5187360048294067,
  0.4934198558330536,
  0.47474557161331177,
  0.46588134765625
 ]
}