{
 "mel_shape": [
  64,
  52
 ],
 "mel_sum": 817.7937622070312,
 "mel_first": [
  0.6028915643692017,
  0.7120028734207153,
  0.7581461668014526,
  0.7429959177970886,
  0.7391770482063293,
  0.7838937044143677,
  0.7755040526390076,
  0.7285887002944946
 ],
 "genome": [
  0.31277135014533997,
  0.573753297328949,
  0.6519213318824768,
  0.23485100269317627,
  0.8711574077606201,
  0.06414815783500671,
  0.26870155334472656,
  0.25263577699661255,
  0.15123961865901947,
  0.08752007782459259,
  0.48177075386047363,
  0.5200172662734985,
  0.46029043197631836,
  0.6953026652336121,
  0.22510819137096405,
  0.8945004940032959
 ],
 "render_genome": [
  0.4000000059604645,
  0.6000000238418579,
  0.550000011920929,
  0.30000001192092896,
  0.699999988079071,
  0.0,
  0.30000001192092896,
  0.5,
  0.20000000298023224,
  0.4000000059604645,
  0.10000000149011612,
  0.4000000059604645,
  0.0,
  0.4000000059604645,
  0.699999988079071,
  0.20000000298023224
 ],
 "render_rms": 0.461087167263031,
 "render_mid": [
  -0.5261139869689941,
  -0.4152061641216278,
  0.18412922322750092,
  0.5936867594718933,
  0.7023366689682007,
  0.6519312858581543,
  0.5738030672073364,
  0.513127326965332,
  0.49358004331588745,
  0.5142388343811035,
  0.5295475721359253,
  0.5304836630821228,
  0.5187360048294067,
  0.4934198558330536,
  0.47474557161331177,
  0.46588134765625
 ]
}